{
  "metrics/precision(B)": 0.8937609075310642,
  "metrics/recall(B)": 0.9286352029649492,
  "metrics/mAP50(B)": 0.9771799887419081,
  "metrics/mAP50-95(B)": 0.8188238913215404,
  "fitness": 0.8188238913215404
}